lib,version,shape,size,autoScheduling,run,ttr,ttfp,memory,fps,fpsMin,move,bulk,note,harness,session,measured_at
"dhtmlx","10.0.3","flat","1000","false","1","69","69","5","61","61","15","35","","1.0.0","20260903-213711","2026-09-03T18:37:14.369Z"
"dhtmlx","10.0.3","flat","1000","false","2","58","58","5","60","61","16","41","","1.0.0","20260903-213711","2026-09-03T18:37:17.175Z"
"dhtmlx","10.0.3","flat","1000","false","3","59","59","5","60","61","15","41","","1.0.0","20260903-213711","2026-09-03T18:37:19.954Z"
"dhtmlx","10.0.3","flat","1000","true","1","89","89","7","60","61","49","28","","1.0.0","20260903-213711","2026-09-03T18:37:22.730Z"
"dhtmlx","10.0.3","flat","1000","true","2","88","88","7","60","61","54","28","","1.0.0","20260903-213711","2026-09-03T18:37:25.500Z"
"dhtmlx","10.0.3","flat","1000","true","3","87","87","7","60","61","53","29","","1.0.0","20260903-213711","2026-09-03T18:37:28.283Z"
"dhtmlx","10.0.3","flat","5000","false","1","93","93","8","60","61","32","48","","1.0.0","20260903-213711","2026-09-03T18:37:31.049Z"
"dhtmlx","10.0.3","flat","5000","false","2","93","93","8","60","61","30","47","","1.0.0","20260903-213711","2026-09-03T18:37:33.864Z"
"dhtmlx","10.0.3","flat","5000","false","3","94","94","8","60","61","29","46","","1.0.0","20260903-213711","2026-09-03T18:37:36.632Z"
"dhtmlx","10.0.3","flat","5000","true","1","187","187","14","60","61","130","66","","1.0.0","20260903-213711","2026-09-03T18:37:39.582Z"
"dhtmlx","10.0.3","flat","5000","true","2","185","185","14","60","60","130","66","","1.0.0","20260903-213711","2026-09-03T18:37:42.550Z"
"dhtmlx","10.0.3","flat","5000","true","3","185","185","14","60","60","133","69","","1.0.0","20260903-213711","2026-09-03T18:37:45.651Z"
"dhtmlx","10.0.3","flat","10000","false","1","132","132","10","61","61","41","64","","1.0.0","20260903-213711","2026-09-03T18:37:48.520Z"
"dhtmlx","10.0.3","flat","10000","false","2","134","134","10","60","61","40","64","","1.0.0","20260903-213711","2026-09-03T18:37:51.364Z"
"dhtmlx","10.0.3","flat","10000","false","3","133","133","10","60","61","41","63","","1.0.0","20260903-213711","2026-09-03T18:37:54.186Z"
"dhtmlx","10.0.3","flat","10000","true","1","321","321","22","60","60","235","122","","1.0.0","20260903-213711","2026-09-03T18:37:57.487Z"
"dhtmlx","10.0.3","flat","10000","true","2","312","312","22","60","60","236","126","","1.0.0","20260903-213711","2026-09-03T18:38:00.773Z"
"dhtmlx","10.0.3","flat","10000","true","3","309","309","22","60","60","234","127","","1.0.0","20260903-213711","2026-09-03T18:38:04.050Z"
"dhtmlx","10.0.3","flat","50000","false","1","419","419","33","60","60","165","218","","1.0.0","20260903-213711","2026-09-03T18:38:07.485Z"
"dhtmlx","10.0.3","flat","50000","false","2","414","414","33","60","60","159","211","","1.0.0","20260903-213711","2026-09-03T18:38:10.871Z"
"dhtmlx","10.0.3","flat","50000","false","3","414","414","33","60","61","167","211","","1.0.0","20260903-213711","2026-09-03T18:38:14.246Z"
"dhtmlx","10.0.3","flat","50000","true","1","1166","1166","86","60","60","933","616","","1.0.0","20260903-213711","2026-09-03T18:38:19.615Z"
"dhtmlx","10.0.3","flat","50000","true","2","1147","1147","86","60","61","940","617","","1.0.0","20260903-213711","2026-09-03T18:38:24.968Z"
"dhtmlx","10.0.3","flat","50000","true","3","1154","1154","86","60","60","943","621","","1.0.0","20260903-213711","2026-09-03T18:38:30.315Z"
"dhtmlx","10.0.3","flat","100000","false","1","755","755","62","60","60","316","393","","1.0.0","20260903-213711","2026-09-03T18:38:34.448Z"
"dhtmlx","10.0.3","flat","100000","false","2","760","760","62","60","60","314","391","","1.0.0","20260903-213711","2026-09-03T18:38:38.499Z"
"dhtmlx","10.0.3","flat","100000","false","3","760","760","62","60","60","322","390","","1.0.0","20260903-213711","2026-09-03T18:38:42.611Z"
"dhtmlx","10.0.3","flat","100000","true","1","2228","2228","167","60","61","1875","1289","","1.0.0","20260903-213711","2026-09-03T18:38:50.658Z"
"dhtmlx","10.0.3","flat","100000","true","2","2289","2289","167","60","60","1927","1289","","1.0.0","20260903-213711","2026-09-03T18:38:58.859Z"
"dhtmlx","10.0.3","flat","100000","true","3","2235","2235","167","60","60","1902","1316","","1.0.0","20260903-213711","2026-09-03T18:39:07.028Z"
"dhtmlx","10.0.3","tree","1000","false","1","58","58","5","60","61","15","42","","1.0.0","20260903-213711","2026-09-03T18:39:09.804Z"
"dhtmlx","10.0.3","tree","1000","false","2","58","58","5","60","61","15","43","","1.0.0","20260903-213711","2026-09-03T18:39:12.521Z"
"dhtmlx","10.0.3","tree","1000","false","3","57","57","5","60","60","15","42","","1.0.0","20260903-213711","2026-09-03T18:39:15.233Z"
"dhtmlx","10.0.3","tree","1000","true","1","89","89","7","60","61","46","31","","1.0.0","20260903-213711","2026-09-03T18:39:17.983Z"
"dhtmlx","10.0.3","tree","1000","true","2","89","88","7","60","61","46","31","","1.0.0","20260903-213711","2026-09-03T18:39:20.712Z"
"dhtmlx","10.0.3","tree","1000","true","3","88","88","7","60","61","34","28","","1.0.0","20260903-213711","2026-09-03T18:39:23.431Z"
"dhtmlx","10.0.3","tree","5000","false","1","100","100","8","60","61","23","52","","1.0.0","20260903-213711","2026-09-03T18:39:26.232Z"
"dhtmlx","10.0.3","tree","5000","false","2","98","98","8","60","61","24","50","","1.0.0","20260903-213711","2026-09-03T18:39:29.018Z"
"dhtmlx","10.0.3","tree","5000","false","3","97","97","8","60","61","26","49","","1.0.0","20260903-213711","2026-09-03T18:39:31.782Z"
"dhtmlx","10.0.3","tree","5000","true","1","195","195","14","60","60","85","68","","1.0.0","20260903-213711","2026-09-03T18:39:34.793Z"
"dhtmlx","10.0.3","tree","5000","true","2","196","196","14","60","60","83","67","","1.0.0","20260903-213711","2026-09-03T18:39:37.745Z"
"dhtmlx","10.0.3","tree","5000","true","3","194","194","14","60","61","84","66","","1.0.0","20260903-213711","2026-09-03T18:39:40.683Z"
"dhtmlx","10.0.3","tree","10000","false","1","142","142","10","60","61","39","63","","1.0.0","20260903-213711","2026-09-03T18:39:43.548Z"
"dhtmlx","10.0.3","tree","10000","false","2","146","146","10","60","61","38","63","","1.0.0","20260903-213711","2026-09-03T18:39:46.381Z"
"dhtmlx","10.0.3","tree","10000","false","3","145","145","10","60","61","36","66","","1.0.0","20260903-213711","2026-09-03T18:39:49.213Z"
"dhtmlx","10.0.3","tree","10000","true","1","299","299","23","60","60","125","107","","1.0.0","20260903-213711","2026-09-03T18:39:52.332Z"
"dhtmlx","10.0.3","tree","10000","true","2","316","316","23","60","60","127","110","","1.0.0","20260903-213711","2026-09-03T18:39:55.467Z"
"dhtmlx","10.0.3","tree","10000","true","3","311","311","23","60","60","126","110","","1.0.0","20260903-213711","2026-09-03T18:39:58.636Z"
"dhtmlx","10.0.3","tree","50000","false","1","520","520","33","60","60","129","214","","1.0.0","20260903-213711","2026-09-03T18:40:02.098Z"
"dhtmlx","10.0.3","tree","50000","false","2","519","519","33","60","60","126","217","","1.0.0","20260903-213711","2026-09-03T18:40:05.551Z"
"dhtmlx","10.0.3","tree","50000","false","3","533","533","33","60","60","132","220","","1.0.0","20260903-213711","2026-09-03T18:40:09.032Z"
"dhtmlx","10.0.3","tree","50000","true","1","1264","1264","93","60","60","501","558","","1.0.0","20260903-213711","2026-09-03T18:40:14.030Z"
"dhtmlx","10.0.3","tree","50000","true","2","1255","1255","93","60","60","490","519","","1.0.0","20260903-213711","2026-09-03T18:40:18.931Z"
"dhtmlx","10.0.3","tree","50000","true","3","1215","1215","93","60","61","496","525","","1.0.0","20260903-213711","2026-09-03T18:40:23.804Z"
"dhtmlx","10.0.3","tree","100000","false","1","1027","1027","63","60","61","259","406","","1.0.0","20260903-213711","2026-09-03T18:40:28.086Z"
"dhtmlx","10.0.3","tree","100000","false","2","1004","1004","63","60","60","254","403","","1.0.0","20260903-213711","2026-09-03T18:40:32.351Z"
"dhtmlx","10.0.3","tree","100000","false","3","1005","1005","63","60","60","256","414","","1.0.0","20260903-213711","2026-09-03T18:40:36.637Z"
"dhtmlx","10.0.3","tree","100000","true","1","2398","2398","181","60","61","960","1117","","1.0.0","20260903-213711","2026-09-03T18:40:43.818Z"
"dhtmlx","10.0.3","tree","100000","true","2","2399","2399","181","60","60","989","1106","","1.0.0","20260903-213711","2026-09-03T18:40:51.040Z"
"dhtmlx","10.0.3","tree","100000","true","3","2446","2446","181","60","60","964","1081","","1.0.0","20260903-213711","2026-09-03T18:40:58.251Z"
"bryntum","7.3.6","flat","1000","false","1","642","204","55","60","60","103","241","","1.0.0","20260915-211716","2026-09-15T18:17:20.702Z"
"bryntum","7.3.6","flat","1000","false","2","610","190","55","60","60","102","241","","1.0.0","20260915-211716","2026-09-15T18:17:24.754Z"
"bryntum","7.3.6","flat","1000","false","3","608","190","55","60","60","101","240","","1.0.0","20260915-211716","2026-09-15T18:17:28.837Z"
"bryntum","7.3.6","flat","1000","true","1","700","187","57","60","60","373","439","","1.0.0","20260915-211716","2026-09-15T18:17:33.447Z"
"bryntum","7.3.6","flat","1000","true","2","707","191","57","60","61","372","437","","1.0.0","20260915-211716","2026-09-15T18:17:38.099Z"
"bryntum","7.3.6","flat","1000","true","3","703","190","57","60","60","371","439","","1.0.0","20260915-211716","2026-09-15T18:17:42.645Z"
"bryntum","7.3.6","flat","5000","false","1","2052","393","172","60","60","327","690","","1.0.0","20260915-211716","2026-09-15T18:17:49.025Z"
"bryntum","7.3.6","flat","5000","false","2","2064","392","172","59","59","327","695","","1.0.0","20260915-211716","2026-09-15T18:17:55.458Z"
"bryntum","7.3.6","flat","5000","false","3","2052","392","172","60","59","330","691","","1.0.0","20260915-211716","2026-09-15T18:18:01.854Z"
"bryntum","7.3.6","flat","5000","true","1","2915","394","178","60","60","1513","1769","","1.0.0","20260915-211716","2026-09-15T18:18:11.407Z"
"bryntum","7.3.6","flat","5000","true","2","2936","398","178","60","60","1513","1767","","1.0.0","20260915-211716","2026-09-15T18:18:20.945Z"
"bryntum","7.3.6","flat","5000","true","3","2922","396","178","60","60","1519","1779","","1.0.0","20260915-211716","2026-09-15T18:18:30.516Z"
"bryntum","7.3.6","flat","10000","false","1","3909","657","319","60","60","614","1264","","1.0.0","20260915-211716","2026-09-15T18:18:39.765Z"
"bryntum","7.3.6","flat","10000","false","2","3952","662","319","60","60","618","1286","","1.0.0","20260915-211716","2026-09-15T18:18:49.169Z"
"bryntum","7.3.6","flat","10000","false","3","4005","667","319","60","60","624","1278","","1.0.0","20260915-211716","2026-09-15T18:18:58.590Z"
"bryntum","7.3.6","flat","10000","true","1","6636","673","331","60","61","3001","3640","","1.0.0","20260915-211716","2026-09-15T18:19:15.484Z"
"bryntum","7.3.6","flat","10000","true","2","6544","663","331","60","60","3008","3628","","1.0.0","20260915-211716","2026-09-15T18:19:32.211Z"
"bryntum","7.3.6","flat","10000","true","3","6608","663","331","60","60","3015","3572","","1.0.0","20260915-211716","2026-09-15T18:19:48.977Z"
"bryntum","7.3.6","flat","50000","false","1","22520","2655","1532","59","59","4270","7122","","1.0.0","20260915-211716","2026-09-15T18:20:28.855Z"
"bryntum","7.3.6","flat","50000","false","2","21538","2609","1532","60","60","4321","6978","","1.0.0","20260915-211716","2026-09-15T18:21:07.491Z"
"bryntum","7.3.6","flat","50000","false","3","21427","2558","1532","60","60","4000","6887","","1.0.0","20260915-211716","2026-09-15T18:21:45.778Z"
"bryntum","7.3.6","flat","50000","true","1","79778","2552","1596","60","60","16339","20281","","1.0.0","20260915-211716","2026-09-15T18:23:48.133Z"
"bryntum","7.3.6","flat","50000","true","2","80892","2556","1596","60","60","16760","20514","","1.0.0","20260915-211716","2026-09-15T18:25:52.235Z"
"bryntum","7.3.6","flat","50000","true","3","80657","2549","1596","60","60","16211","20371","","1.0.0","20260915-211716","2026-09-15T18:27:55.494Z"
"bryntum","7.3.6","flat","100000","false","1","53895","4924","3039","54","49","11778","21615","","1.0.0","20260915-211716","2026-09-15T18:29:33.521Z"
"bryntum","7.3.6","flat","100000","false","2","55867","4992","3039","60","60","10783","22748","","1.0.0","20260915-211716","2026-09-15T18:31:13.211Z"
"bryntum","7.3.6","flat","100000","false","3","55495","4941","3039","58","56","10452","21374","","1.0.0","20260915-211716","2026-09-15T18:32:50.809Z"
"bryntum","7.3.6","flat","100000","true","1","","","","","","","","DNF (ttr)","1.0.0","20260915-211716","2026-09-15T18:38:07.199Z"
"bryntum","7.3.6","flat","100000","true","2","","","","","","","","DNF (ttr)","1.0.0","20260915-211716","2026-09-15T18:43:23.549Z"
"bryntum","7.3.6","flat","100000","true","3","","","","","","","","DNF (ttr)","1.0.0","20260915-211716","2026-09-15T18:48:39.897Z"
"bryntum","7.3.6","tree","1000","false","1","603","192","55","60","60","110","212","","1.0.0","20260915-211716","2026-09-15T18:48:44.068Z"
"bryntum","7.3.6","tree","1000","false","2","608","193","55","60","60","109","213","","1.0.0","20260915-211716","2026-09-15T18:48:48.137Z"
"bryntum","7.3.6","tree","1000","false","3","600","190","55","60","60","110","211","","1.0.0","20260915-211716","2026-09-15T18:48:52.169Z"
"bryntum","7.3.6","tree","1000","true","1","685","193","57","60","60","310","366","","1.0.0","20260915-211716","2026-09-15T18:48:56.663Z"
"bryntum","7.3.6","tree","1000","true","2","689","193","57","60","60","325","363","","1.0.0","20260915-211716","2026-09-15T18:49:01.068Z"
"bryntum","7.3.6","tree","1000","true","3","686","192","57","60","60","300","360","","1.0.0","20260915-211716","2026-09-15T18:49:05.511Z"
"bryntum","7.3.6","tree","5000","false","1","2033","392","172","59","59","357","432","","1.0.0","20260915-211716","2026-09-15T18:49:11.672Z"
"bryntum","7.3.6","tree","5000","false","2","2027","396","172","59","59","356","432","","1.0.0","20260915-211716","2026-09-15T18:49:17.815Z"
"bryntum","7.3.6","tree","5000","false","3","2034","397","172","57","55","353","429","","1.0.0","20260915-211716","2026-09-15T18:49:24.014Z"
"bryntum","7.3.6","tree","5000","true","1","2344","397","177","60","60","1119","1169","","1.0.0","20260915-211716","2026-09-15T18:49:31.984Z"
"bryntum","7.3.6","tree","5000","true","2","2360","406","177","60","60","1122","1167","","1.0.0","20260915-211716","2026-09-15T18:49:39.968Z"
"bryntum","7.3.6","tree","5000","true","3","2349","398","177","60","59","1119","1168","","1.0.0","20260915-211716","2026-09-15T18:49:47.950Z"
"bryntum","7.3.6","tree","10000","false","1","3849","654","318","60","61","662","728","","1.0.0","20260915-211716","2026-09-15T18:49:56.684Z"
"bryntum","7.3.6","tree","10000","false","2","3903","668","318","60","60","664","719","","1.0.0","20260915-211716","2026-09-15T18:50:05.475Z"
"bryntum","7.3.6","tree","10000","false","3","3864","657","318","60","60","665","725","","1.0.0","20260915-211716","2026-09-15T18:50:14.231Z"
"bryntum","7.3.6","tree","10000","true","1","4493","661","328","60","60","2179","2276","","1.0.0","20260915-211716","2026-09-15T18:50:26.684Z"
"bryntum","7.3.6","tree","10000","true","2","4497","663","328","60","60","2199","2324","","1.0.0","20260915-211716","2026-09-15T18:50:39.233Z"
"bryntum","7.3.6","tree","10000","true","3","4479","658","328","60","60","2180","2286","","1.0.0","20260915-211716","2026-09-15T18:50:51.671Z"
"bryntum","7.3.6","tree","50000","false","1","20741","2636","1529","60","60","4084","3642","","1.0.0","20260915-211716","2026-09-15T18:51:25.556Z"
"bryntum","7.3.6","tree","50000","false","2","21317","2594","1529","60","60","4231","3744","","1.0.0","20260915-211716","2026-09-15T18:52:00.443Z"
"bryntum","7.3.6","tree","50000","false","3","20662","2605","1529","60","60","4033","3632","","1.0.0","20260915-211716","2026-09-15T18:52:34.414Z"
"bryntum","7.3.6","tree","50000","true","1","23987","2609","1578","60","60","11985","13112","","1.0.0","20260915-211716","2026-09-15T18:53:29.756Z"
"bryntum","7.3.6","tree","50000","true","2","23862","2619","1578","60","60","12066","12989","","1.0.0","20260915-211716","2026-09-15T18:54:24.434Z"
"bryntum","7.3.6","tree","50000","true","3","23759","2602","1578","60","60","12148","13021","","1.0.0","20260915-211716","2026-09-15T18:55:19.167Z"
"bryntum","7.3.6","tree","100000","false","1","53471","4917","3033","58","56","12383","12768","","1.0.0","20260915-211716","2026-09-15T18:56:47.575Z"
"bryntum","7.3.6","tree","100000","false","2","52692","4914","3033","58","56","11131","12029","","1.0.0","20260915-211716","2026-09-15T18:58:12.591Z"
"bryntum","7.3.6","tree","100000","false","3","56191","4886","3033","57","54","12007","12344","","1.0.0","20260915-211716","2026-09-15T18:59:42.877Z"
"bryntum","7.3.6","tree","100000","true","1","61769","4922","3130","56","52","49738","","error: page.evaluate: Target crashed ","1.0.0","20260915-211716","2026-09-15T19:01:59.274Z"
"bryntum","7.3.6","tree","100000","true","2","60880","4925","3130","58","56","51193","","error: page.evaluate: Target crashed ","1.0.0","20260915-211716","2026-09-15T19:04:16.504Z"
"bryntum","7.3.6","tree","100000","true","3","61785","4929","3130","59","57","49592","","error: page.evaluate: Target crashed ","1.0.0","20260915-211716","2026-09-15T19:06:33.921Z"
"devextreme","26.1.4","flat","1000","false","1","303","232","13","22","18","137","49997","","1.0.0","20260903-213711","2026-09-03T19:30:23.472Z"
"devextreme","26.1.4","flat","1000","false","2","285","212","13","23","19","133","49116","","1.0.0","20260903-213711","2026-09-03T19:31:18.587Z"
"devextreme","26.1.4","flat","1000","false","3","285","212","13","23","19","137","48827","","1.0.0","20260903-213711","2026-09-03T19:32:13.301Z"
"devextreme","26.1.4","flat","1000","true","1","286","213","13","23","19","7241","","DNF (bulk)","1.0.0","20260903-213711","2026-09-03T19:37:41.450Z"
"devextreme","26.1.4","flat","1000","true","2","286","214","13","22","18","7297","","DNF (bulk)","1.0.0","20260903-213711","2026-09-03T19:43:09.717Z"
"devextreme","26.1.4","flat","1000","true","3","285","212","13","23","19","7228","","DNF (bulk)","1.0.0","20260903-213711","2026-09-03T19:48:37.724Z"
"devextreme","26.1.4","flat","5000","false","1","3717","1884","17","1","1","1606","","DNF (bulk)","1.0.0","20260903-213711","2026-09-03T19:55:14.257Z"
"devextreme","26.1.4","flat","5000","false","2","3714","1883","17","1","1","1612","","DNF (bulk)","1.0.0","20260903-213711","2026-09-03T20:01:50.246Z"
"devextreme","26.1.4","flat","5000","false","3","3724","1889","17","1","1","1598","","DNF (bulk)","1.0.0","20260903-213711","2026-09-03T20:08:28.072Z"
"devextreme","26.1.4","flat","5000","true","1","3726","1888","17","1","1","","","error: page.evaluate: RangeError: Maximum call stack size exceeded","1.0.0","20260903-213711","2026-09-03T20:10:41.011Z"
"devextreme","26.1.4","flat","5000","true","2","3719","1887","17","1","1","","","error: page.evaluate: RangeError: Maximum call stack size exceeded","1.0.0","20260903-213711","2026-09-03T20:12:54.953Z"
"devextreme","26.1.4","flat","5000","true","3","3713","1884","17","1","1","","","error: page.evaluate: RangeError: Maximum call stack size exceeded","1.0.0","20260903-213711","2026-09-03T20:15:07.369Z"
"devextreme","26.1.4","flat","10000","false","1","13283","6494","22","0","0","6556","","skipped — bulk failed at 5000","1.0.0","20260903-213711","2026-09-03T20:20:34.886Z"
"devextreme","26.1.4","flat","10000","false","2","13373","6555","22","0","0","6803","","skipped — bulk failed at 5000","1.0.0","20260903-213711","2026-09-03T20:26:07.536Z"
"devextreme","26.1.4","flat","10000","false","3","13319","6527","22","0","0","6739","","skipped — bulk failed at 5000","1.0.0","20260903-213711","2026-09-03T20:31:38.019Z"
"devextreme","26.1.4","flat","10000","true","1","13288","6492","22","0","0","","","skipped — move failed at 5000","1.0.0","20260903-213711","2026-09-03T20:36:59.844Z"
"devextreme","26.1.4","flat","10000","true","2","13323","6531","22","0","0","","","skipped — move failed at 5000","1.0.0","20260903-213711","2026-09-03T20:42:24.963Z"
"devextreme","26.1.4","flat","10000","true","3","13312","6495","22","0","0","","","skipped — move failed at 5000","1.0.0","20260903-213711","2026-09-03T20:47:47.969Z"
"devextreme","26.1.4","flat","50000","false","1","284670","140814","62","","","","","DNF (fps)","1.0.0","20260903-213711","2026-09-03T20:57:48.629Z"
"devextreme","26.1.4","flat","50000","false","2","286016","141383","62","","","","","DNF (fps)","1.0.0","20260903-213711","2026-09-03T21:07:50.663Z"
"devextreme","26.1.4","flat","50000","false","3","287219","141376","62","","","","","DNF (fps)","1.0.0","20260903-213711","2026-09-03T21:17:53.954Z"
"devextreme","26.1.4","flat","50000","true","1","286583","141523","62","","","","","DNF (fps)","1.0.0","20260903-213711","2026-09-03T21:27:56.606Z"
"devextreme","26.1.4","flat","50000","true","2","283727","140233","62","","","","","DNF (fps)","1.0.0","20260903-213711","2026-09-03T21:37:56.308Z"
"devextreme","26.1.4","flat","50000","true","3","280949","137586","62","","","","","DNF (fps)","1.0.0","20260903-213711","2026-09-03T21:47:53.230Z"
"devextreme","26.1.4","flat","100000","false","1","","","","","","","","DNF (ttr)","1.0.0","20260903-213711","2026-09-03T21:53:09.129Z"
"devextreme","26.1.4","flat","100000","false","2","","","","","","","","DNF (ttr)","1.0.0","20260903-213711","2026-09-03T21:58:25.037Z"
"devextreme","26.1.4","flat","100000","false","3","","","","","","","","DNF (ttr)","1.0.0","20260903-213711","2026-09-03T22:03:40.900Z"
"devextreme","26.1.4","flat","100000","true","1","","","","","","","","DNF (ttr)","1.0.0","20260903-213711","2026-09-03T22:08:56.764Z"
"devextreme","26.1.4","flat","100000","true","2","","","","","","","","DNF (ttr)","1.0.0","20260903-213711","2026-09-03T22:14:12.695Z"
"devextreme","26.1.4","flat","100000","true","3","","","","","","","","DNF (ttr)","1.0.0","20260903-213711","2026-09-03T22:19:28.608Z"
"devextreme","26.1.4","tree","1000","false","1","268","201","13","25","20","125","45997","","1.0.0","20260903-213711","2026-09-03T22:20:20.330Z"
"devextreme","26.1.4","tree","1000","false","2","265","200","13","25","23","132","46019","","1.0.0","20260903-213711","2026-09-03T22:21:11.994Z"
"devextreme","26.1.4","tree","1000","false","3","265","200","13","25","23","124","45934","","1.0.0","20260903-213711","2026-09-03T22:22:03.578Z"
"devextreme","26.1.4","tree","1000","true","1","264","198","13","25","22","1083","90793","error: Maximum call stack size exceeded","1.0.0","20260903-213711","2026-09-03T22:23:41.045Z"
"devextreme","26.1.4","tree","1000","true","2","268","202","13","24","20","1094","91018","error: Maximum call stack size exceeded","1.0.0","20260903-213711","2026-09-03T22:25:18.876Z"
"devextreme","26.1.4","tree","1000","true","3","265","200","13","25","22","1086","90673","error: Maximum call stack size exceeded","1.0.0","20260903-213711","2026-09-03T22:26:56.237Z"
"devextreme","26.1.4","tree","5000","false","1","3309","1633","17","2","1","1471","","DNF (bulk)","1.0.0","20260903-213711","2026-09-03T22:33:24.139Z"
"devextreme","26.1.4","tree","5000","false","2","3358","1651","17","2","1","1485","","DNF (bulk)","1.0.0","20260903-213711","2026-09-03T22:39:52.792Z"
"devextreme","26.1.4","tree","5000","false","3","3323","1640","17","2","1","1468","","DNF (bulk)","1.0.0","20260903-213711","2026-09-03T22:46:20.687Z"
"devextreme","26.1.4","tree","5000","true","1","3314","1638","17","2","1","5773","","DNF (bulk)","1.0.0","20260903-213711","2026-09-03T22:52:52.161Z"
"devextreme","26.1.4","tree","5000","true","2","3343","1645","17","1","1","5693","","DNF (bulk)","1.0.0","20260903-213711","2026-09-03T22:59:27.276Z"
"devextreme","26.1.4","tree","5000","true","3","3321","1638","17","2","1","5699","","DNF (bulk)","1.0.0","20260903-213711","2026-09-03T23:06:00.251Z"
"devextreme","26.1.4","tree","10000","false","1","11647","5569","22","0","0","6074","","skipped — bulk failed at 5000","1.0.0","20260903-213711","2026-09-03T23:10:58.294Z"
"devextreme","26.1.4","tree","10000","false","2","11685","5575","22","0","0","5920","","skipped — bulk failed at 5000","1.0.0","20260903-213711","2026-09-03T23:15:57.333Z"
"devextreme","26.1.4","tree","10000","false","3","11634","5563","22","0","0","5972","","skipped — bulk failed at 5000","1.0.0","20260903-213711","2026-09-03T23:20:54.433Z"
"devextreme","26.1.4","tree","10000","true","1","11621","5553","22","0","0","17277","","skipped — bulk failed at 5000","1.0.0","20260903-213711","2026-09-03T23:26:02.193Z"
"devextreme","26.1.4","tree","10000","true","2","11609","5553","22","0","0","17143","","skipped — bulk failed at 5000","1.0.0","20260903-213711","2026-09-03T23:31:08.979Z"
"devextreme","26.1.4","tree","10000","true","3","11632","5560","22","0","0","17111","","skipped — bulk failed at 5000","1.0.0","20260903-213711","2026-09-03T23:36:17.958Z"
"devextreme","26.1.4","tree","50000","false","1","243656","114696","61","","","","","DNF (fps)","1.0.0","20260903-213711","2026-09-03T23:45:37.654Z"
"devextreme","26.1.4","tree","50000","false","2","249284","117102","61","","","","","DNF (fps)","1.0.0","20260903-213711","2026-09-03T23:55:03.033Z"
"devextreme","26.1.4","tree","50000","false","3","242148","114046","61","","","","","DNF (fps)","1.0.0","20260903-213711","2026-09-04T00:04:21.244Z"
"devextreme","26.1.4","tree","50000","true","1","245036","115090","61","","","","","DNF (fps)","1.0.0","20260903-213711","2026-09-04T00:13:42.335Z"
"devextreme","26.1.4","tree","50000","true","2","244303","114529","61","","","","","DNF (fps)","1.0.0","20260903-213711","2026-09-04T00:23:02.651Z"
"devextreme","26.1.4","tree","50000","true","3","242231","114131","61","","","","","DNF (fps)","1.0.0","20260903-213711","2026-09-04T00:32:20.979Z"
"devextreme","26.1.4","tree","100000","false","1","","","","","","","","DNF (ttr)","1.0.0","20260903-213711","2026-09-04T00:37:36.904Z"
"devextreme","26.1.4","tree","100000","false","2","","","","","","","","DNF (ttr)","1.0.0","20260903-213711","2026-09-04T00:42:52.738Z"
"devextreme","26.1.4","tree","100000","false","3","","","","","","","","DNF (ttr)","1.0.0","20260903-213711","2026-09-04T00:48:08.601Z"
"devextreme","26.1.4","tree","100000","true","1","","","","","","","","DNF (ttr)","1.0.0","20260903-213711","2026-09-04T00:53:24.503Z"
"devextreme","26.1.4","tree","100000","true","2","","","","","","","","DNF (ttr)","1.0.0","20260903-213711","2026-09-04T00:58:40.429Z"
"devextreme","26.1.4","tree","100000","true","3","","","","","","","","DNF (ttr)","1.0.0","20260903-213711","2026-09-04T01:03:56.302Z"
"kendo","2026.3.811","flat","1000","false","1","214","214","27","60","60","351","","DNF (bulk)","1.0.0","20260903-213711","2026-09-04T01:09:15.311Z"
"kendo","2026.3.811","flat","1000","false","2","204","204","27","60","61","350","","DNF (bulk)","1.0.0","20260903-213711","2026-09-04T01:14:34.179Z"
"kendo","2026.3.811","flat","1000","false","3","207","207","27","60","61","353","","DNF (bulk)","1.0.0","20260903-213711","2026-09-04T01:19:53.284Z"
"kendo","2026.3.811","flat","5000","false","1","1493","1430","40","54","53","5257","","skipped — bulk failed at 1000","1.0.0","20260903-213711","2026-09-04T01:20:03.671Z"
"kendo","2026.3.811","flat","5000","false","2","1501","1438","40","54","53","5298","","skipped — bulk failed at 1000","1.0.0","20260903-213711","2026-09-04T01:20:13.849Z"
"kendo","2026.3.811","flat","5000","false","3","1504","1442","40","54","53","5308","","skipped — bulk failed at 1000","1.0.0","20260903-213711","2026-09-04T01:20:24.066Z"
"kendo","2026.3.811","flat","10000","false","1","4391","4335","56","28","27","20459","","skipped — bulk failed at 1000","1.0.0","20260903-213711","2026-09-04T01:20:54.307Z"
"kendo","2026.3.811","flat","10000","false","2","4313","4237","56","28","27","19404","","skipped — bulk failed at 1000","1.0.0","20260903-213711","2026-09-04T01:21:23.355Z"
"kendo","2026.3.811","flat","10000","false","3","4316","4241","56","28","27","19433","","skipped — bulk failed at 1000","1.0.0","20260903-213711","2026-09-04T01:21:52.543Z"
"kendo","2026.3.811","flat","50000","false","1","81091","80700","187","5","1","","","DNF (move)","1.0.0","20260903-213711","2026-09-04T01:28:52.876Z"
"kendo","2026.3.811","flat","50000","false","2","81175","80787","187","5","5","","","DNF (move)","1.0.0","20260903-213711","2026-09-04T01:35:53.424Z"
"kendo","2026.3.811","flat","50000","false","3","81095","80709","187","5","5","","","DNF (move)","1.0.0","20260903-213711","2026-09-04T01:42:53.466Z"
"kendo","2026.3.811","flat","100000","false","1","","","","","","","","DNF (ttr)","1.0.0","20260903-213711","2026-09-04T01:48:09.819Z"
"kendo","2026.3.811","flat","100000","false","2","","","","","","","","DNF (ttr)","1.0.0","20260903-213711","2026-09-04T01:53:26.168Z"
"kendo","2026.3.811","flat","100000","false","3","","","","","","","","DNF (ttr)","1.0.0","20260903-213711","2026-09-04T01:58:42.484Z"
"kendo","2026.3.811","tree","1000","false","1","218","218","27","60","60","543","249017","","1.0.0","20260903-213711","2026-09-04T02:02:55.604Z"
"kendo","2026.3.811","tree","1000","false","2","215","215","27","60","60","534","237828","","1.0.0","20260903-213711","2026-09-04T02:06:57.817Z"
"kendo","2026.3.811","tree","1000","false","3","215","215","27","60","60","529","238175","","1.0.0","20260903-213711","2026-09-04T02:11:00.094Z"
"kendo","2026.3.811","tree","5000","false","1","1492","1437","41","49","49","7915","","DNF (bulk)","1.0.0","20260903-213711","2026-09-04T02:16:28.460Z"
"kendo","2026.3.811","tree","5000","false","2","1524","1468","40","51","50","7853","","DNF (bulk)","1.0.0","20260903-213711","2026-09-04T02:21:56.506Z"
"kendo","2026.3.811","tree","5000","false","3","1496","1440","41","50","49","7857","","DNF (bulk)","1.0.0","20260903-213711","2026-09-04T02:27:24.658Z"
"kendo","2026.3.811","tree","10000","false","1","4455","4380","57","27","26","29277","","skipped — bulk failed at 5000","1.0.0","20260903-213711","2026-09-04T02:28:04.030Z"
"kendo","2026.3.811","tree","10000","false","2","4441","4367","57","27","26","29338","","skipped — bulk failed at 5000","1.0.0","20260903-213711","2026-09-04T02:28:43.437Z"
"kendo","2026.3.811","tree","10000","false","3","4446","4372","57","27","26","29402","","skipped — bulk failed at 5000","1.0.0","20260903-213711","2026-09-04T02:29:22.895Z"
"kendo","2026.3.811","tree","50000","false","1","85812","85422","191","5","3","","","DNF (move)","1.0.0","20260903-213711","2026-09-04T02:36:30.655Z"
"kendo","2026.3.811","tree","50000","false","2","85977","85594","191","5","4","","","DNF (move)","1.0.0","20260903-213711","2026-09-04T02:43:38.020Z"
"kendo","2026.3.811","tree","50000","false","3","86196","85764","191","5","4","","","DNF (move)","1.0.0","20260903-213711","2026-09-04T02:50:44.417Z"
"kendo","2026.3.811","tree","100000","false","1","","","","","","","","DNF (ttr)","1.0.0","20260903-213711","2026-09-04T02:56:00.850Z"
"kendo","2026.3.811","tree","100000","false","2","","","","","","","","DNF (ttr)","1.0.0","20260903-213711","2026-09-04T03:01:17.074Z"
"kendo","2026.3.811","tree","100000","false","3","","","","","","","","DNF (ttr)","1.0.0","20260903-213711","2026-09-04T03:06:33.289Z"
"syncfusion","34.2.8","flat","1000","false","1","259","259","21","60","60","90","2865","","1.0.0","20260915-211716","2026-09-15T19:06:40.254Z"
"syncfusion","34.2.8","flat","1000","false","2","232","232","21","60","61","89","2858","","1.0.0","20260915-211716","2026-09-15T19:06:46.358Z"
"syncfusion","34.2.8","flat","1000","false","3","231","231","21","60","61","89","2852","","1.0.0","20260915-211716","2026-09-15T19:06:52.462Z"
"syncfusion","34.2.8","flat","1000","true","1","243","243","21","60","61","255","11087","","1.0.0","20260915-211716","2026-09-15T19:07:07.089Z"
"syncfusion","34.2.8","flat","1000","true","2","247","247","21","60","61","256","11038","","1.0.0","20260915-211716","2026-09-15T19:07:21.591Z"
"syncfusion","34.2.8","flat","1000","true","3","249","249","21","60","61","262","11198","","1.0.0","20260915-211716","2026-09-15T19:07:36.219Z"
"syncfusion","34.2.8","flat","5000","false","1","696","696","43","60","60","290","7695","","1.0.0","20260915-211716","2026-09-15T19:07:47.920Z"
"syncfusion","34.2.8","flat","5000","false","2","696","696","43","60","60","290","7688","","1.0.0","20260915-211716","2026-09-15T19:07:59.555Z"
"syncfusion","34.2.8","flat","5000","false","3","697","697","43","60","60","289","7657","","1.0.0","20260915-211716","2026-09-15T19:08:11.319Z"
"syncfusion","34.2.8","flat","5000","true","1","732","732","44","60","60","","","error: page.evaluate: RangeError: Maximum call stack size exceeded","1.0.0","20260915-211716","2026-09-15T19:08:15.682Z"
"syncfusion","34.2.8","flat","5000","true","2","734","734","44","60","60","","","error: page.evaluate: RangeError: Maximum call stack size exceeded","1.0.0","20260915-211716","2026-09-15T19:08:19.960Z"
"syncfusion","34.2.8","flat","5000","true","3","732","732","44","60","60","","","error: page.evaluate: RangeError: Maximum call stack size exceeded","1.0.0","20260915-211716","2026-09-15T19:08:24.232Z"
"syncfusion","34.2.8","flat","10000","false","1","2783","2783","71","61","61","2553","14621","","1.0.0","20260915-211716","2026-09-15T19:08:47.207Z"
"syncfusion","34.2.8","flat","10000","false","2","2784","2784","71","60","61","2538","14756","","1.0.0","20260915-211716","2026-09-15T19:09:10.345Z"
"syncfusion","34.2.8","flat","10000","false","3","2795","2795","71","61","61","2554","14697","","1.0.0","20260915-211716","2026-09-15T19:09:33.438Z"
"syncfusion","34.2.8","flat","10000","true","1","2472","2472","72","61","61","","","skipped — move failed at 5000","1.0.0","20260915-211716","2026-09-15T19:09:38.794Z"
"syncfusion","34.2.8","flat","10000","true","2","2471","2471","72","60","61","","","skipped — move failed at 5000","1.0.0","20260915-211716","2026-09-15T19:09:44.088Z"
"syncfusion","34.2.8","flat","10000","true","3","2475","2475","72","60","61","","","skipped — move failed at 5000","1.0.0","20260915-211716","2026-09-15T19:09:49.382Z"
"syncfusion","34.2.8","flat","50000","false","1","43381","43381","293","60","60","47395","100197","","1.0.0","20260915-211716","2026-09-15T19:13:03.456Z"
"syncfusion","34.2.8","flat","50000","false","2","43320","43320","293","60","60","47376","100280","","1.0.0","20260915-211716","2026-09-15T19:16:17.768Z"
"syncfusion","34.2.8","flat","50000","false","3","43400","43400","293","60","60","47389","100353","","1.0.0","20260915-211716","2026-09-15T19:19:32.126Z"
"syncfusion","34.2.8","flat","50000","true","1","34824","34824","300","60","60","","","skipped — move failed at 5000","1.0.0","20260915-211716","2026-09-15T19:20:10.001Z"
"syncfusion","34.2.8","flat","50000","true","2","34541","34541","300","60","61","","","skipped — move failed at 5000","1.0.0","20260915-211716","2026-09-15T19:20:47.590Z"
"syncfusion","34.2.8","flat","50000","true","3","34993","34993","300","61","61","","","skipped — move failed at 5000","1.0.0","20260915-211716","2026-09-15T19:21:25.640Z"
"syncfusion","34.2.8","flat","100000","false","1","187609","187609","571","60","60","220992","247203","","1.0.0","20260915-211716","2026-09-15T19:32:24.874Z"
"syncfusion","34.2.8","flat","100000","false","2","188363","188363","571","60","60","221087","248538","","1.0.0","20260915-211716","2026-09-15T19:43:26.334Z"
"syncfusion","34.2.8","flat","100000","false","3","187336","187336","571","60","60","220997","248749","","1.0.0","20260915-211716","2026-09-15T19:54:26.846Z"
"syncfusion","34.2.8","flat","100000","true","1","145732","145732","584","60","60","","","skipped — move failed at 5000","1.0.0","20260915-211716","2026-09-15T19:56:55.803Z"
"syncfusion","34.2.8","flat","100000","true","2","145631","145631","584","59","60","","","skipped — move failed at 5000","1.0.0","20260915-211716","2026-09-15T19:59:24.699Z"
"syncfusion","34.2.8","flat","100000","true","3","145388","145388","584","58","57","","","skipped — move failed at 5000","1.0.0","20260915-211716","2026-09-15T20:01:55.118Z"
"syncfusion","34.2.8","tree","1000","false","1","265","265","23","60","60","89","2870","","1.0.0","20260915-211716","2026-09-15T20:02:01.536Z"
"syncfusion","34.2.8","tree","1000","false","2","293","293","23","60","60","89","2784","","1.0.0","20260915-211716","2026-09-15T20:02:07.603Z"
"syncfusion","34.2.8","tree","1000","false","3","258","258","23","49","39","71","9826","","1.0.0","20260915-211716","2026-09-15T20:02:21.612Z"
"syncfusion","34.2.8","tree","1000","true","1","271","271","23","60","61","183","3830","","1.0.0","20260915-211716","2026-09-15T20:02:28.854Z"
"syncfusion","34.2.8","tree","1000","true","2","269","269","23","60","61","184","3847","","1.0.0","20260915-211716","2026-09-15T20:02:36.088Z"
"syncfusion","34.2.8","tree","1000","true","3","264","264","23","60","61","183","3821","","1.0.0","20260915-211716","2026-09-15T20:02:43.269Z"
"syncfusion","34.2.8","tree","5000","false","1","814","814","52","60","60","285","6241","","1.0.0","20260915-211716","2026-09-15T20:02:53.546Z"
"syncfusion","34.2.8","tree","5000","false","2","815","815","52","60","60","285","6262","","1.0.0","20260915-211716","2026-09-15T20:03:03.854Z"
"syncfusion","34.2.8","tree","5000","false","3","818","818","52","60","60","285","6239","","1.0.0","20260915-211716","2026-09-15T20:03:14.170Z"
"syncfusion","34.2.8","tree","5000","true","1","862","862","53","60","60","412","8597","","1.0.0","20260915-211716","2026-09-15T20:03:27.004Z"
"syncfusion","34.2.8","tree","5000","true","2","847","847","53","60","60","409","8443","","1.0.0","20260915-211716","2026-09-15T20:03:39.643Z"
"syncfusion","34.2.8","tree","5000","true","3","847","847","53","60","60","407","8473","","1.0.0","20260915-211716","2026-09-15T20:03:52.317Z"
"syncfusion","34.2.8","tree","10000","false","1","3533","3533","89","60","60","2613","11467","","1.0.0","20260915-211716","2026-09-15T20:04:12.902Z"
"syncfusion","34.2.8","tree","10000","false","2","3535","3535","89","60","60","2585","11442","","1.0.0","20260915-211716","2026-09-15T20:04:33.526Z"
"syncfusion","34.2.8","tree","10000","false","3","3522","3522","89","60","60","2597","11409","","1.0.0","20260915-211716","2026-09-15T20:04:54.068Z"
"syncfusion","34.2.8","tree","10000","true","1","2521","2521","91","60","60","2738","15425","","1.0.0","20260915-211716","2026-09-15T20:05:17.783Z"
"syncfusion","34.2.8","tree","10000","true","2","2535","2535","91","60","60","2804","15633","","1.0.0","20260915-211716","2026-09-15T20:05:41.822Z"
"syncfusion","34.2.8","tree","10000","true","3","2548","2548","91","60","61","2765","15535","","1.0.0","20260915-211716","2026-09-15T20:06:05.744Z"
"syncfusion","34.2.8","tree","50000","false","1","57247","57247","386","61","61","51886","79534","","1.0.0","20260915-211716","2026-09-15T20:09:17.619Z"
"syncfusion","34.2.8","tree","50000","false","2","57021","57021","386","60","61","52211","79205","","1.0.0","20260915-211716","2026-09-15T20:12:29.307Z"
"syncfusion","34.2.8","tree","50000","false","3","57261","57261","386","60","61","51931","79630","","1.0.0","20260915-211716","2026-09-15T20:15:41.392Z"
"syncfusion","34.2.8","tree","50000","true","1","33721","33721","392","61","61","53840","117208","","1.0.0","20260915-211716","2026-09-15T20:19:09.451Z"
"syncfusion","34.2.8","tree","50000","true","2","33690","33690","392","60","60","53766","118094","","1.0.0","20260915-211716","2026-09-15T20:22:38.314Z"
"syncfusion","34.2.8","tree","50000","true","3","33725","33725","392","61","61","53826","118114","","1.0.0","20260915-211716","2026-09-15T20:26:07.236Z"
"syncfusion","34.2.8","tree","100000","false","1","254962","254962","755","60","60","248695","205108","","1.0.0","20260915-211716","2026-09-15T20:37:59.435Z"
"syncfusion","34.2.8","tree","100000","false","2","253496","253496","755","60","61","249455","205057","","1.0.0","20260915-211716","2026-09-15T20:49:51.147Z"
"syncfusion","34.2.8","tree","100000","false","3","255003","255003","755","61","61","248325","205627","","1.0.0","20260915-211716","2026-09-15T21:01:43.858Z"
"syncfusion","34.2.8","tree","100000","true","1","138573","138573","768","60","60","251364","","did not settle (bulk; 16 frames, 15 over threshold, worst 7145 ms)","1.0.0","20260915-211716","2026-09-15T21:13:23.521Z"
"syncfusion","34.2.8","tree","100000","true","2","139131","139131","768","60","61","251402","","did not settle (bulk; 16 frames, 15 over threshold, worst 7104 ms)","1.0.0","20260915-211716","2026-09-15T21:24:58.555Z"
"syncfusion","34.2.8","tree","100000","true","3","138840","138840","768","61","61","251473","","did not settle (bulk; 16 frames, 15 over threshold, worst 7132 ms)","1.0.0","20260915-211716","2026-09-15T21:36:35.428Z"
